{
  "$schema": "https://schema.management.azure.com/schemas/2019-04-01/deploymentTemplate.json#",
  "contentVersion": "1.0.0.0",
  "parameters": {
    "appName": {
      "type": "string"
    },
    "location": {
      "type": "string",
      "defaultValue": "[resourceGroup().location]"
    }
  },
  "functions": [],
  "variables": {
    "storageAccountName": "[format('{0}{1}', substring(parameters('appName'), 0, 10), uniqueString(resourceGroup().id))]",
    "hostingPlanName": "[format('{0}{1}', parameters('appName'), uniqueString(resourceGroup().id))]",
    "appInsightsName": "[format('{0}{1}', parameters('appName'), uniqueString(resourceGroup().id))]",
    "functionAppName": "[parameters('appName')]"
  },
  "resources": [
    {
      "type": "Microsoft.Storage/storageAccounts",
      "apiVersion": "2019-06-01",
      "name": "[variables('storageAccountName')]",
      "location": "[parameters('location')]",
      "kind": "StorageV2",
      "sku": {
        "name": "Standard_LRS",
        "tier": "Standard"
      }
    },
    {
      "type": "Microsoft.Insights/components",
      "apiVersion": "2020-02-02-preview",
      "name": "[variables('appInsightsName')]",
      "location": "[parameters('location')]",
      "kind": "web",
      "tags": {
        "[format('hidden-link:/subscriptions/{0}/resourceGroups/{1}/providers/Microsoft.Web/sites/{2}', subscription().id, resourceGroup().name, variables('functionAppName'))]": "Resource"
      }
    },
    {
      "type": "Microsoft.Web/serverfarms",
      "apiVersion": "2020-10-01",
      "name": "[variables('hostingPlanName')]",
      "location": "[parameters('location')]",
      "sku": {
        "name": "Y1",
        "tier": "Dynamic"
      }
    },
    {
      "type": "Microsoft.Web/sites",
      "apiVersion": "2020-06-01",
      "name": "[variables('functionAppName')]",
      "location": "[parameters('location')]",
      "kind": "functionapp",
      "properties": {
        "httpsOnly": true,
        "serverFarmId": "[resourceId('Microsoft.Web/serverfarms', variables('hostingPlanName'))]",
        "clientAffinityEnabled": true,
        "siteConfig": {
          "appSettings": [
            {
              "name": "APPINSIGHTS_INSTRUMENTATIONKEY",
              "value": "[reference(resourceId('Microsoft.Insights/components', variables('appInsightsName'))).InstrumentationKey]"
            },
            {
              "name": "AzureWebJobsStorage",
              "value": "[format('DefaultEndpointsProtocol=https;AccountName={0};EndpointSuffix={1};AccountKey={2}', variables('storageAccountName'), environment().suffixes.storage, listKeys(resourceId('Microsoft.Storage/storageAccounts', variables('storageAccountName')), '2019-06-01').keys[0].value)]"
            },
            {
              "name": "FUNCTIONS_EXTENSION_VERSION",
              "value": "~3"
            },
            {
              "name": "FUNCTIONS_WORKER_RUNTIME",
              "value": "dotnet"
            },
            {
              "name": "WEBSITE_CONTENTAZUREFILECONNECTIONSTRING",
              "value": "[format('DefaultEndpointsProtocol=https;AccountName={0};EndpointSuffix={1};AccountKey={2}', variables('storageAccountName'), environment().suffixes.storage, listKeys(resourceId('Microsoft.Storage/storageAccounts', variables('storageAccountName')), '2019-06-01').keys[0].value)]"
            }
          ]
        }
      },
      "dependsOn": [
        "[resourceId('Microsoft.Insights/components', variables('appInsightsName'))]",
        "[resourceId('Microsoft.Web/serverfarms', variables('hostingPlanName'))]",
        "[resourceId('Microsoft.Storage/storageAccounts', variables('storageAccountName'))]"
      ]
    }
  ],
  "metadata": {
    "_generator": {
      "name": "bicep",
      "version": "0.3.126.58533",
      "templateHash": "8311704312930014113"
    }
  }
}